1,Hobard,Lorincz,45439.718750,A65JT18,2,En horario
2,Conni,Raper,45800.351563,A65JT18,3,En horario
3,Lewiss,Marchello,37364.320313,A65JT18,1,En horario
4,Sim,Ramey,18436.390625,H1J5Y1R,1,En vuelo
5,Luca,Lghan,32853.500000,Q8W71D5,2,En horario
6,Christian,Llewellen,41123.121094,1FD80E5,2,Aterrizado
7,Ara,Heavens,13193.700195,Q8W71D5,3,En horario
8,Eba,Crawley,42262.070313,AS5D9W8,3,En vuelo
9,Johnna,Pren,14588.490234,AS5D9W8,1,En vuelo
10,Hanni,Kennewell,23360.070313,D05W837,1,Aterrizado
11,Clerissa,Davidy,40873.050781,Q8W71D5,3,En horario
12,Ripley,Blant,17802.230469,Q8W71D5,2,En horario
13,Alfred,Pilcher,44337.718750,H1J5Y1R,1,En vuelo
14,Lynn,Edwins,29580.880859,AS5D9W8,1,En vuelo
15,Benita,Raoux,44248.808594,D05W837,3,Aterrizado
16,Gustavo,Lydiatt,35982.308594,A65JT18,1,En horario
17,Roger,Layfield,28691.369141,HG05H8Q,1,Demorado
18,Nicoline,Yapp,15773.419922,AS5D9W8,3,En vuelo
19,Angie,Karpfen,40856.679688,1FD80E5,1,Aterrizado
20,Emmeline,Matchett,32922.261719,8RTWE15,2,En vuelo
21,Emogene,Muncaster,41139.789063,D05W837,3,Aterrizado
22,Lezlie,Beachem,29523.089844,AS5D9W8,3,En vuelo
23,Burlie,Bratt,19219.740234,D05W837,3,Aterrizado
24,Mylo,Withur,41671.718750,8RTWE15,3,En vuelo
25,Quillan,Kennett,34622.871094,1FD80E5,3,Aterrizado
26,Filide,Denisard,45164.859375,Q8W71D5,1,En horario
27,Grazia,Mumberson,24859.009766,H1J5Y1R,3,En vuelo
28,Christalle,Bartusek,37538.871094,8RTWE15,1,En vuelo
29,Kristy,Lemarie,13108.459961,1FD80E5,3,Aterrizado
30,Dominique,Kiddell,17518.269531,D05W837,2,Aterrizado
31,Lisha,Palfery,13437.330078,H1J5Y1R,3,En vuelo
32,Jard,Baynham,16427.419922,8RTWE15,2,En vuelo
33,Hillyer,Wehden,38640.160156,A65JT18,3,En horario
34,Shena,Greenhead,15521.740234,HG05H8Q,2,Demorado
35,Pernell,Lagen,10252.190430,A65JT18,3,En horario
36,Rubi,Gipp,31952.089844,A65JT18,3,En horario
37,Mechelle,Dermott,35284.171875,D05W837,2,Aterrizado
38,Noe,Lighten,20319.320313,8RTWE15,3,En vuelo
39,Taffy,Gloves,28364.929688,H1J5Y1R,2,En vuelo
40,Latrina,Teague,15474.030273,HG05H8Q,1,Demorado
41,Dorthea,Brendel,43371.109375,D05W837,2,Aterrizado
42,Ashli,Kernoghan,47706.421875,1FD80E5,3,Aterrizado
43,Freddie,Berisford,15486.360352,H1J5Y1R,1,En vuelo
44,Russell,Peagrim,38273.460938,H1J5Y1R,3,En vuelo
45,Teri,Hawkyens,39946.089844,AS5D9W8,1,En vuelo
46,Millisent,Bidgood,43118.859375,AS5D9W8,3,En vuelo
47,Helyn,Culwen,21370.660156,8RTWE15,1,En vuelo
48,Aili,Dondon,44767.320313,D05W837,3,Aterrizado
49,Fancie,Ivanchenkov,18801.130859,1FD80E5,1,Aterrizado
50,Wernher,Ciobutaru,46406.781250,HG05H8Q,2,Demorado
51,Theodora,McIlreavy,15315.910156,AS5D9W8,1,En vuelo
52,Julie,Souten,31838.109375,D05W837,3,Aterrizado
53,Jacquelin,Ambrosio,24642.150391,Q8W71D5,2,En horario
54,Georgina,Houlahan,35752.750000,8RTWE15,1,En vuelo
55,Mic,Lintot,37133.339844,H1J5Y1R,2,En vuelo
56,Lenci,Bruhke,23677.109375,8RTWE15,2,En vuelo
57,Sergio,Mullineux,17574.800781,HG05H8Q,3,Demorado
58,Kermy,Ferriday,11627.639648,D05W837,1,Aterrizado
59,Theda,McMennum,38295.519531,Q8W71D5,3,En horario
60,Rosemaria,Spiers,30061.400391,Q8W71D5,1,En horario
61,Luise,Sibthorp,32432.339844,H1J5Y1R,1,En vuelo
62,Marylinda,Mauvin,45518.730469,H1J5Y1R,2,En vuelo
63,Aristotle,Glasscoe,11069.389648,A65JT18,2,En horario
64,Nerita,Penniell,10280.860352,A65JT18,3,En horario
65,Sean,Wisker,23748.720703,8RTWE15,2,En vuelo
66,Rica,Spurnier,47645.910156,AS5D9W8,1,En vuelo
67,Herc,Trustrie,39954.898438,D05W837,1,Aterrizado
68,Brittaney,Harrigan,32140.800781,H1J5Y1R,3,En vuelo
69,Verine,Sousa,45957.441406,8RTWE15,2,En vuelo
70,Meryl,Dugood,29882.589844,A65JT18,3,En horario
71,Uriah,Sonier,26978.240234,8RTWE15,2,En vuelo
72,Harlie,Topley,14724.240234,AS5D9W8,3,En vuelo
73,Silva,Pethrick,40492.921875,A65JT18,1,En horario
74,Zorina,Mewburn,26599.939453,D05W837,3,Aterrizado
75,Kirsti,Wawer,23330.470703,A65JT18,1,En horario
76,Alvie,Beddard,35783.550781,D05W837,3,Aterrizado
77,Thatch,Bessell,29484.300781,A65JT18,2,En horario
78,Kyrstin,Liverock,21544.759766,1FD80E5,1,Aterrizado
79,Dari,Cosslett,19186.259766,1FD80E5,3,Aterrizado
80,Marijn,Hainning,47252.410156,A65JT18,2,En horario
81,Aubry,Houlworth,11792.610352,A65JT18,2,En horario
82,Arabelle,Littledyke,31352.960938,A65JT18,1,En horario
83,Marrilee,Attow,40367.160156,HG05H8Q,3,Demorado
84,Carma,Massen,27945.990234,A65JT18,1,En horario
85,Clary,Jelliman,14704.419922,AS5D9W8,3,En vuelo
86,Rina,Hryniewicki,21693.269531,AS5D9W8,1,En vuelo
87,Emmeline,Vedenichev,26074.560547,H1J5Y1R,2,En vuelo
88,Nickola,Akred,42848.000000,1FD80E5,2,Aterrizado
89,Charley,Fidock,46085.500000,Q8W71D5,3,En horario
90,Fannie,Arling,45268.859375,AS5D9W8,1,En vuelo
91,Matthiew,Edgson,10741.219727,Q8W71D5,1,En horario
92,Riki,Cockings,49760.371094,HG05H8Q,2,Demorado
93,Arnuad,Conlon,38556.628906,Q8W71D5,2,En horario
94,Teresita,Shury,44354.191406,Q8W71D5,1,En horario
95,Harold,Bramall,12964.969727,HG05H8Q,3,Demorado
96,Parnell,Dukesbury,42775.050781,H1J5Y1R,1,En vuelo
97,Marietta,Ludford,16161.719727,A65JT18,2,En horario
98,Arin,Kissick,48903.011719,HG05H8Q,2,Demorado
99,Brunhilde,Houston,29465.550781,A65JT18,2,En horario
100,Ansell,Abramsky,37802.429688,AS5D9W8,2,En vuelo
101,Wandis,Stickley,42157.210938,HG05H8Q,1,Demorado
102,Dorice,Nudds,18592.380859,1FD80E5,1,Aterrizado
103,Germain,Larkings,21694.359375,AS5D9W8,2,En vuelo
104,Evy,Monni,19214.900391,D05W837,3,Aterrizado
105,Henrie,Petchell,30359.119141,A65JT18,1,En horario
106,Leo,Cradey,19639.769531,8RTWE15,3,En vuelo
107,Bonnie,Batie,15591.559570,HG05H8Q,3,Demorado
108,Shoshana,Jancar,26017.060547,1FD80E5,3,Aterrizado
109,Rouvin,Fettiplace,35634.878906,A65JT18,1,En horario
110,Stacey,Purkiss,41078.621094,8RTWE15,1,En vuelo
111,Kyle,Le Brom,48665.699219,1FD80E5,1,Aterrizado
112,Isabella,Pitts,42861.218750,D05W837,1,Aterrizado
113,Livvie,Staresmeare,41990.921875,Q8W71D5,3,En horario
114,Drusy,Stivani,31145.720703,H1J5Y1R,1,En vuelo
115,Calhoun,Capineer,27670.789063,HG05H8Q,3,Demorado
116,Clarice,Edridge,28269.750000,8RTWE15,2,En vuelo
117,Lorrie,Splaven,29699.419922,1FD80E5,2,Aterrizado
118,Shelley,Hendriksen,26207.259766,HG05H8Q,3,Demorado
119,Melony,Castelin,29840.080078,Q8W71D5,3,En horario
120,Tadio,Chrystal,30445.849609,Q8W71D5,1,En horario
121,Donalt,Scadding,32952.648438,8RTWE15,3,En vuelo
122,Matti,MacCracken,16047.889648,A65JT18,2,En horario
123,Normand,Howler,22607.789063,1FD80E5,1,Aterrizado
124,Joby,Pavkovic,35807.460938,HG05H8Q,1,Demorado
125,Katya,Blakeden,32274.429688,A65JT18,1,En horario
126,Katie,Mahedy,21627.369141,Q8W71D5,1,En horario
127,Bessy,Sparks,37173.261719,8RTWE15,1,En vuelo
128,Lorrie,Milverton,27495.400391,H1J5Y1R,3,En vuelo
129,Goddart,Bater,11530.019531,1FD80E5,1,Aterrizado
130,Carry,Robbe,22372.210938,1FD80E5,3,Aterrizado
131,Jennilee,Giroldi,47700.140625,D05W837,2,Aterrizado
132,Langston,Dyball,24096.439453,8RTWE15,3,En vuelo
133,Herta,Launder,43743.589844,AS5D9W8,3,En vuelo
134,Tull,Synnot,13090.639648,H1J5Y1R,1,En vuelo
135,Annelise,Lantaph,31845.419922,A65JT18,2,En horario
136,Cirillo,Smewings,23243.529297,8RTWE15,3,En vuelo
137,Harp,Stratley,35388.160156,8RTWE15,2,En vuelo
138,Miner,Aucutt,49242.531250,AS5D9W8,3,En vuelo
139,Josephina,Waddie,17256.759766,Q8W71D5,3,En horario
140,Mireille,Bishop,22512.130859,A65JT18,3,En horario
141,Fran,Cluelow,37718.171875,8RTWE15,3,En vuelo
142,Hobie,Durrington,22980.089844,AS5D9W8,3,En vuelo
143,Belicia,Rickasse,18967.839844,D05W837,2,Aterrizado
144,Katheryn,Dubbin,25062.830078,8RTWE15,3,En vuelo
145,Ollie,Piotr,27381.500000,Q8W71D5,3,En horario
146,Ugo,Rove,43206.429688,H1J5Y1R,2,En vuelo
147,Nanice,Drabble,28613.060547,H1J5Y1R,3,En vuelo
148,Arlana,Thying,33140.101563,Q8W71D5,1,En horario
149,Bendix,Choak,38217.980469,HG05H8Q,2,Demorado
150,Ulric,Reddan,45123.371094,A65JT18,3,En horario
151,Pauli,Tresise,37060.121094,H1J5Y1R,2,En vuelo
152,Bill,Jaffra,39644.359375,A65JT18,3,En horario
153,Baron,Stood,11793.030273,AS5D9W8,2,En vuelo
154,Jarrid,Cullnean,23379.910156,Q8W71D5,3,En horario
155,Ab,Cauderlie,49070.679688,Q8W71D5,1,En horario
156,Angel,McEneny,10836.700195,H1J5Y1R,1,En vuelo
157,Ray,Yeats,16152.730469,D05W837,2,Aterrizado
158,Christabella,Drewes,41777.558594,8RTWE15,1,En vuelo
159,Ogden,Barens,41860.808594,8RTWE15,2,En vuelo
160,Penrod,Maine,38162.890625,H1J5Y1R,3,En vuelo
161,Menard,Dalli,48900.640625,H1J5Y1R,1,En vuelo
162,Siana,Goalby,14919.919922,Q8W71D5,3,En horario
163,Georgie,Hartmann,11421.540039,AS5D9W8,2,En vuelo
164,Evita,Dyerson,43728.261719,Q8W71D5,3,En horario
165,Maighdiln,Matuszewski,13857.919922,1FD80E5,2,Aterrizado
166,Karly,Chasmar,19555.880859,8RTWE15,3,En vuelo
167,Caroline,Jorn,11889.339844,D05W837,2,Aterrizado
168,Willem,deKnevet,47864.039063,H1J5Y1R,1,En vuelo
169,Vinny,Pusill,41568.328125,Q8W71D5,1,En horario
170,Neilla,Russam,39227.800781,1FD80E5,1,Aterrizado
171,Jude,Barnish,15065.620117,HG05H8Q,2,Demorado
172,Selma,Stancer,40246.859375,D05W837,2,Aterrizado
173,Evangeline,Van Haeften,19843.619141,8RTWE15,1,En vuelo
174,Clarabelle,Duny,41767.058594,1FD80E5,3,Aterrizado
175,Elianore,Aitchison,40338.058594,HG05H8Q,2,Demorado
176,Candace,Dew,36931.441406,D05W837,1,Aterrizado
177,Jobye,Putnam,10456.709961,D05W837,1,Aterrizado
178,Haydon,Savage,13252.780273,A65JT18,2,En horario
179,Guntar,Banaszkiewicz,45348.449219,HG05H8Q,1,Demorado
180,Wrennie,Bruhke,11274.179688,H1J5Y1R,1,En vuelo
181,Essa,Hampshaw,38604.511719,D05W837,1,Aterrizado
182,Tulley,Beckitt,22057.130859,H1J5Y1R,1,En vuelo
183,Whit,Coneron,32326.929688,8RTWE15,2,En vuelo
184,Orelie,Unsworth,23771.359375,H1J5Y1R,3,En vuelo
185,Barrie,Hastelow,29116.710938,Q8W71D5,2,En horario
186,Fayette,Crisall,26564.880859,HG05H8Q,2,Demorado
187,Marylin,Blenkinship,26717.480469,1FD80E5,3,Aterrizado
188,Stanislaw,Rodway,32121.410156,A65JT18,1,En horario
189,Lurline,Millsom,21376.189453,HG05H8Q,3,Demorado
190,Minette,Brayn,46003.199219,H1J5Y1R,1,En vuelo
191,Shelia,Midford,36130.531250,A65JT18,2,En horario
192,Merissa,Dawson,21222.230469,H1J5Y1R,2,En vuelo
193,Shirl,Rutledge,15157.419922,Q8W71D5,3,En horario
194,Seline,Hounsom,26884.740234,A65JT18,3,En horario
195,Corie,Nayshe,25933.150391,AS5D9W8,3,En vuelo
196,Vikky,Phetteplace,10654.230469,Q8W71D5,1,En horario
197,Marthe,Linnock,31826.660156,H1J5Y1R,3,En vuelo
198,Doy,Tandy,34978.390625,A65JT18,2,En horario
199,Zechariah,Babonau,17308.500000,D05W837,3,Aterrizado
200,Clyve,Gilder,35550.039063,H1J5Y1R,1,En vuelo
201,Marlo,Benck,18669.710938,D05W837,1,Aterrizado
202,Caitlin,Ben,18721.380859,HG05H8Q,2,Demorado
203,Blancha,Poynton,29074.679688,D05W837,3,Aterrizado
204,Pandora,Basile,23998.500000,1FD80E5,3,Aterrizado
205,Krystle,Coxhell,36990.871094,8RTWE15,1,En vuelo
206,Yoko,Dobell,17438.179688,H1J5Y1R,2,En vuelo
207,Dorie,Kolyagin,25571.470703,HG05H8Q,3,Demorado
208,Romeo,Ungaretti,20407.869141,8RTWE15,1,En vuelo
209,Ferdinanda,Syrett,49322.480469,D05W837,1,Aterrizado
210,Bobbe,Longbottom,33823.738281,8RTWE15,2,En vuelo
211,Vachel,Mehaffey,23368.869141,H1J5Y1R,1,En vuelo
212,Frederico,Pietersma,13346.240234,8RTWE15,2,En vuelo
213,Nanice,Arpino,43274.308594,1FD80E5,2,Aterrizado
214,Gamaliel,Koppes,16222.990234,H1J5Y1R,2,En vuelo
215,Husein,Candlin,38803.960938,D05W837,1,Aterrizado
216,Nahum,Botler,17163.619141,HG05H8Q,2,Demorado
217,Gaelan,Cozins,15971.570313,AS5D9W8,1,En vuelo
218,Vere,Strelitzer,10506.679688,HG05H8Q,3,Demorado
219,Lowe,Branscombe,14873.589844,H1J5Y1R,3,En vuelo
220,Sallie,Schonfeld,24812.400391,A65JT18,1,En horario
221,Arnold,Collishaw,23796.210938,HG05H8Q,1,Demorado
222,Wrennie,Betteney,13966.650391,Q8W71D5,3,En horario
223,Eimile,Novak,43672.789063,A65JT18,2,En horario
224,Ginni,Mingaud,18687.490234,H1J5Y1R,2,En vuelo
225,Nanice,Trendle,13123.360352,AS5D9W8,3,En vuelo
226,Georgia,Dreher,20872.189453,AS5D9W8,1,En vuelo
227,Raffarty,Woodman,23806.509766,8RTWE15,2,En vuelo
228,Chiquia,Coaten,10760.150391,AS5D9W8,2,En vuelo
229,Fulvia,Elsmore,15366.490234,AS5D9W8,2,En vuelo
230,Regen,Champagne,10311.410156,1FD80E5,3,Aterrizado
231,Sly,Shemwell,33735.601563,AS5D9W8,1,En vuelo
232,Arabelle,Leebetter,46568.691406,HG05H8Q,2,Demorado
233,Peyter,Fust,33199.820313,8RTWE15,2,En vuelo
234,Mimi,Godfree,13867.799805,D05W837,1,Aterrizado
235,Enrichetta,Basnall,44976.058594,HG05H8Q,3,Demorado
236,Derk,Panner,42410.070313,A65JT18,1,En horario
237,Hilary,Kale,49050.890625,D05W837,1,Aterrizado
238,Ezequiel,Stockford,22650.169922,Q8W71D5,3,En horario
239,Ikey,MacWilliam,29453.330078,1FD80E5,2,Aterrizado
240,Pavia,Kelberer,17681.189453,HG05H8Q,1,Demorado
241,Darcy,Vicker,36364.011719,Q8W71D5,3,En horario
242,Edith,Stansell,12445.259766,8RTWE15,3,En vuelo
243,Merrill,Liversedge,14263.459961,H1J5Y1R,2,En vuelo
244,Erica,Bloxholm,34585.890625,8RTWE15,2,En vuelo
245,Minette,Olivier,24369.910156,H1J5Y1R,1,En vuelo
246,Francene,Riccetti,32470.660156,8RTWE15,2,En vuelo
247,Annabela,Lathan,22862.369141,H1J5Y1R,2,En vuelo
248,Rosaline,Juliano,42709.828125,D05W837,3,Aterrizado
249,Zandra,O'Heneghan,30567.689453,Q8W71D5,3,En horario
250,Jillayne,Bewshaw,16159.719727,HG05H8Q,2,Demorado
251,Eddy,Selcraig,28232.470703,A65JT18,3,En horario
252,Kaylee,Westcot,17163.789063,Q8W71D5,2,En horario
253,Jobyna,Caldero,48353.281250,1FD80E5,2,Aterrizado
254,Alejandra,Grundwater,14732.230469,A65JT18,3,En horario
255,Danie,Gorstidge,31371.869141,A65JT18,1,En horario
256,Erek,Butner,37178.578125,8RTWE15,3,En vuelo
257,Mickey,Monckman,19564.589844,8RTWE15,3,En vuelo
258,Scarlett,Burns,25137.570313,8RTWE15,2,En vuelo
259,Sandy,Duncanson,39323.648438,Q8W71D5,2,En horario
260,Vicki,Sheward,41598.359375,1FD80E5,3,Aterrizado
261,Codie,Idell,45662.789063,AS5D9W8,2,En vuelo
262,Erie,Durnall,11758.969727,1FD80E5,3,Aterrizado
263,Rahal,Grimes,10228.509766,D05W837,2,Aterrizado
264,Lesly,McGarrell,35617.429688,AS5D9W8,1,En vuelo
265,Bret,Lewsey,47270.601563,HG05H8Q,3,Demorado
266,Rebeka,Gellately,25772.160156,AS5D9W8,3,En vuelo
267,Glendon,Leifer,28801.779297,AS5D9W8,3,En vuelo
268,Burnard,Iskower,31158.750000,Q8W71D5,1,En horario
269,Rubina,Pyner,21896.240234,8RTWE15,1,En vuelo
270,Ignacio,Gianetti,19405.259766,HG05H8Q,2,Demorado
271,Peggy,Monsey,45213.710938,H1J5Y1R,1,En vuelo
272,Corey,Twort,18959.279297,D05W837,1,Aterrizado
273,Minna,Carme,36672.968750,8RTWE15,1,En vuelo
274,Ardra,Nevison,41351.429688,HG05H8Q,2,Demorado
275,Juliet,Diffley,24016.880859,1FD80E5,2,Aterrizado
276,Meghan,Paoletto,40947.308594,HG05H8Q,3,Demorado
277,Mannie,Salzburger,31822.250000,1FD80E5,2,Aterrizado
278,Ray,McTrustram,39110.679688,H1J5Y1R,2,En vuelo
279,Kristan,Kynnd,25171.689453,D05W837,1,Aterrizado
280,Hardy,Giacobilio,37009.699219,D05W837,2,Aterrizado
281,Lenci,Perigeaux,42196.691406,Q8W71D5,2,En horario
282,Shellie,Stodd,34560.398438,8RTWE15,2,En vuelo
283,Sonya,Goneau,21834.109375,A65JT18,1,En horario
284,Parsifal,Blanckley,12482.849609,H1J5Y1R,1,En vuelo
285,Pearce,Circuit,42161.628906,Q8W71D5,3,En horario
286,Jannel,Arthurs,11018.679688,H1J5Y1R,2,En vuelo
287,Andrea,Ferrar,36751.351563,D05W837,3,Aterrizado
288,Coletta,Semmens,29685.730469,HG05H8Q,2,Demorado
289,Hasty,Hugle,33692.140625,D05W837,2,Aterrizado
290,Judye,Blaydon,16785.820313,HG05H8Q,2,Demorado
291,Spencer,Cundey,24145.810547,H1J5Y1R,2,En vuelo
292,Evangelin,Musslewhite,14183.160156,AS5D9W8,3,En vuelo
293,Theo,Wantling,33864.628906,Q8W71D5,1,En horario
294,Georgina,Belli,46699.101563,HG05H8Q,2,Demorado
295,North,Geraudy,48644.378906,H1J5Y1R,2,En vuelo
296,Herb,Adey,28984.160156,Q8W71D5,2,En horario
297,Riannon,Farryann,15948.209961,H1J5Y1R,3,En vuelo
298,Trula,Konertz,36406.941406,1FD80E5,1,Aterrizado
299,Leonhard,Bartell,40808.929688,8RTWE15,3,En vuelo
300,Garek,Berney,36970.621094,1FD80E5,1,Aterrizado
301,Florencia,Grigorescu,37683.980469,8RTWE15,1,En vuelo
302,Ralina,Knowlden,33915.699219,H1J5Y1R,1,En vuelo
303,Lesly,Martinovic,30077.019531,HG05H8Q,2,Demorado
304,Harlene,Urion,27661.890625,1FD80E5,1,Aterrizado
305,Prue,Vern,11877.080078,Q8W71D5,2,En horario
306,Annadiane,O' Mullan,44006.070313,D05W837,3,Aterrizado
307,Dynah,Alvis,37993.769531,AS5D9W8,2,En vuelo
308,Ariana,Landers,41506.691406,AS5D9W8,3,En vuelo
309,Sarine,Winnard,36099.378906,Q8W71D5,3,En horario
310,Else,Jocelyn,39110.968750,H1J5Y1R,1,En vuelo
311,Gan,Mangeney,46060.519531,1FD80E5,2,Aterrizado
312,Lars,Croall,49486.351563,A65JT18,3,En horario
313,Aaren,Wollaston,17423.630859,HG05H8Q,1,Demorado
314,Maximilien,Hackford,11761.990234,1FD80E5,2,Aterrizado
315,Calv,Rumgay,30562.539063,A65JT18,3,En horario
316,Pierson,Winnard,29335.119141,D05W837,2,Aterrizado
317,Stefa,Faunch,27800.310547,1FD80E5,2,Aterrizado
318,Lamont,Burger,48455.031250,A65JT18,2,En horario
319,Kathleen,Demann,49488.191406,AS5D9W8,1,En vuelo
320,Leanor,Glowinski,37477.250000,H1J5Y1R,3,En vuelo
321,Blanche,Crampsy,30967.369141,AS5D9W8,2,En vuelo
322,Jessy,Graber,21346.060547,A65JT18,3,En horario
323,Dolf,O'Donnelly,38781.871094,1FD80E5,1,Aterrizado
324,Atlanta,Stollsteiner,40645.199219,Q8W71D5,2,En horario
325,Susanetta,Lindermann,32767.259766,HG05H8Q,3,Demorado
326,Gabbie,Matousek,41028.621094,8RTWE15,2,En vuelo
327,Sammie,Ballaam,48197.050781,1FD80E5,1,Aterrizado
328,Wilow,Lensch,33497.941406,AS5D9W8,2,En vuelo
329,Cybill,Lehon,27253.199219,HG05H8Q,2,Demorado
330,Natale,Aylesbury,33023.621094,A65JT18,3,En horario
331,Cosme,Gelletly,42690.210938,8RTWE15,2,En vuelo
332,Abbot,Suddards,11215.580078,A65JT18,3,En horario
333,Randell,Burchmore,26233.800781,1FD80E5,2,Aterrizado
334,Bertine,Airdrie,35223.039063,H1J5Y1R,2,En vuelo
335,Peirce,Joliffe,31405.730469,D05W837,3,Aterrizado
336,Marena,Scarsbrick,24648.179688,1FD80E5,3,Aterrizado
337,Ag,Fechnie,16016.299805,HG05H8Q,1,Demorado
338,Skippie,McEvon,32603.529297,HG05H8Q,3,Demorado
339,Laure,Grabham,36751.578125,D05W837,3,Aterrizado
340,Ingrid,Ringham,25904.759766,1FD80E5,3,Aterrizado
341,Trent,Dahlman,38038.031250,Q8W71D5,1,En horario
342,Belinda,Franchyonok,44802.519531,AS5D9W8,1,En vuelo
343,Sari,McSkeagan,31125.699219,HG05H8Q,3,Demorado
344,Leta,Bullingham,28919.580078,D05W837,3,Aterrizado
345,Wynn,Biggerstaff,40920.589844,1FD80E5,1,Aterrizado
346,Holt,Stolberger,19171.750000,8RTWE15,1,En vuelo
347,Gris,Sibyllina,45213.250000,1FD80E5,3,Aterrizado
348,Wileen,Blaske,22540.660156,H1J5Y1R,1,En vuelo
349,Gabby,Linnard,11304.870117,HG05H8Q,1,Demorado
350,Muffin,Wortman,43780.500000,Q8W71D5,1,En horario
351,Megen,Purviss,19878.070313,AS5D9W8,2,En vuelo
352,Russ,Spurgin,30045.349609,H1J5Y1R,1,En vuelo
353,Harriet,Farenden,39408.191406,H1J5Y1R,1,En vuelo
354,Findley,Hamfleet,13534.280273,D05W837,1,Aterrizado
355,Ora,Coward,41709.621094,8RTWE15,1,En vuelo
356,Alika,Berka,27516.140625,1FD80E5,3,Aterrizado
357,Myer,Himpson,38662.851563,HG05H8Q,2,Demorado
358,Zachary,Venn,15161.030273,A65JT18,1,En horario
359,Pace,Prentice,17283.910156,1FD80E5,3,Aterrizado
360,Geno,Berens,42745.398438,1FD80E5,3,Aterrizado
361,Maressa,De Blasiis,14313.469727,8RTWE15,2,En vuelo
362,Rafi,Volett,31380.250000,Q8W71D5,3,En horario
363,Leanor,Purvis,18677.910156,1FD80E5,2,Aterrizado
364,Hedvig,Gascar,43176.191406,1FD80E5,2,Aterrizado
365,Carney,Nasey,39821.621094,Q8W71D5,3,En horario
366,Jeramie,Fruish,18056.320313,H1J5Y1R,3,En vuelo
367,Dannie,Leve,29790.990234,Q8W71D5,3,En horario
368,Enrichetta,Kluss,47896.851563,HG05H8Q,3,Demorado
369,Stillman,Karadzas,21277.150391,A65JT18,2,En horario
370,Kailey,Lainge,34070.171875,HG05H8Q,2,Demorado
371,Malena,Celez,32965.378906,A65JT18,2,En horario
372,Davina,Attenbrow,24067.140625,D05W837,2,Aterrizado
373,Bess,Pickless,14008.990234,AS5D9W8,2,En vuelo
374,Bradney,Brenneke,27445.599609,A65JT18,1,En horario
375,Amory,Leahy,21124.550781,H1J5Y1R,1,En vuelo
376,Fianna,Mattielli,48972.371094,AS5D9W8,1,En vuelo
377,Alvis,Saw,14544.450195,HG05H8Q,2,Demorado
378,Lorri,Dalyiel,24720.449219,HG05H8Q,1,Demorado
379,Carilyn,Costall,34149.351563,HG05H8Q,3,Demorado
380,Lara,Dener,28573.480469,Q8W71D5,1,En horario
381,Jeane,Skoof,40322.019531,1FD80E5,3,Aterrizado
382,Retha,Raynor,44320.050781,AS5D9W8,2,En vuelo
383,Merrili,Marchello,44722.789063,A65JT18,2,En horario
384,Sigfried,O'Hagerty,25410.939453,Q8W71D5,1,En horario
385,Vite,Shuard,26483.369141,Q8W71D5,3,En horario
386,Wilfrid,Ebourne,36251.640625,AS5D9W8,2,En vuelo
387,Celinda,Sapson,17448.150391,8RTWE15,2,En vuelo
388,Helena,Syphas,31863.839844,1FD80E5,2,Aterrizado
389,Frederik,Tournie,42172.839844,A65JT18,1,En horario
390,Jarret,Pow,18122.419922,A65JT18,1,En horario
391,Hermann,Crunkhorn,35943.699219,A65JT18,3,En horario
392,Wilow,Moston,20297.539063,Q8W71D5,3,En horario
393,Roberto,Menis,42256.628906,HG05H8Q,1,Demorado
394,Rhianna,Demaid,14974.389648,1FD80E5,1,Aterrizado
395,Wilt,Lansbury,18525.470703,AS5D9W8,1,En vuelo
396,Yoko,Nix,41360.468750,HG05H8Q,3,Demorado
397,Hadley,Logesdale,40125.148438,8RTWE15,1,En vuelo
398,Heather,Jahnisch,13913.030273,AS5D9W8,3,En vuelo
399,Tiebout,Writtle,22806.189453,Q8W71D5,2,En horario
400,Mona,Milmoe,36323.378906,Q8W71D5,1,En horario
401,Tammy,Seivertsen,40677.339844,D05W837,1,Aterrizado
402,Rosaline,Bond,40809.691406,HG05H8Q,1,Demorado
403,Gail,McCarlich,21302.910156,H1J5Y1R,3,En vuelo
404,Witty,Sizeland,12973.450195,D05W837,1,Aterrizado
405,Moses,Snaith,24338.279297,HG05H8Q,3,Demorado
406,Sandie,Cottisford,12747.240234,A65JT18,2,En horario
407,Osborn,August,32127.560547,1FD80E5,3,Aterrizado
408,Gratiana,Matyja,30047.289063,H1J5Y1R,2,En vuelo
409,Roana,Amberger,26182.929688,A65JT18,2,En horario
410,Hurleigh,Hardware,14359.419922,H1J5Y1R,3,En vuelo
411,Marcus,Kelmere,20391.000000,D05W837,3,Aterrizado
412,Frasco,Longshaw,42952.558594,1FD80E5,3,Aterrizado
413,Tatum,Kingsland,30756.779297,HG05H8Q,3,Demorado
414,Loreen,Oke,29615.730469,HG05H8Q,2,Demorado
415,Nonie,Heale,28977.279297,D05W837,1,Aterrizado
416,Eleonore,Cocksedge,34972.351563,8RTWE15,3,En vuelo
417,Davey,Rosenau,26075.240234,HG05H8Q,2,Demorado
418,Guillemette,Binnall,10534.780273,AS5D9W8,2,En vuelo
419,Susette,Blundon,17602.060547,AS5D9W8,1,En vuelo
420,Mavra,Southby,28704.949219,1FD80E5,3,Aterrizado
421,Vin,Barczynski,14025.959961,8RTWE15,3,En vuelo
422,Federico,Duthy,27957.669922,H1J5Y1R,2,En vuelo
423,Sutherlan,Gerritsma,31994.019531,D05W837,3,Aterrizado
424,Malinde,Mepham,23647.460938,HG05H8Q,2,Demorado
425,Golda,Legerton,31525.810547,D05W837,3,Aterrizado
426,Sibyl,Pavlenko,13946.469727,1FD80E5,3,Aterrizado
427,Clarette,Dalloway,46408.660156,1FD80E5,3,Aterrizado
428,David,O'Currane,28401.650391,AS5D9W8,2,En vuelo
429,Barth,Thatcher,14797.559570,1FD80E5,2,Aterrizado
430,Lynn,Penkman,37797.300781,Q8W71D5,1,En horario
431,Bary,Bradshaw,35718.648438,D05W837,1,Aterrizado
432,Laurence,Jonin,23476.089844,D05W837,2,Aterrizado
433,Arv,Flay,13039.440430,HG05H8Q,2,Demorado
434,Agnes,Milne,38085.589844,HG05H8Q,1,Demorado
435,Wallas,Corbet,49966.621094,AS5D9W8,1,En vuelo
436,Emmalynne,Egginson,45559.859375,1FD80E5,1,Aterrizado
437,Erastus,Palfree,44805.910156,HG05H8Q,3,Demorado
438,Sayres,Pepin,12295.980469,A65JT18,1,En horario
439,Cobb,Klimecki,38447.800781,H1J5Y1R,3,En vuelo
440,Kaycee,Spaice,10581.400391,AS5D9W8,3,En vuelo
441,Errick,Simmig,28549.769531,HG05H8Q,3,Demorado
442,Leslie,Laven,45376.980469,A65JT18,1,En horario
443,Meghan,Caldwall,46301.039063,H1J5Y1R,1,En vuelo
444,Gerty,Whitten,40197.718750,D05W837,1,Aterrizado
445,Florinda,Padden,19459.140625,AS5D9W8,1,En vuelo
446,Araldo,Crannach,14879.950195,1FD80E5,3,Aterrizado
447,Carri,Burchnall,33830.808594,HG05H8Q,3,Demorado
448,Corrianne,Rannald,15803.440430,D05W837,3,Aterrizado
449,Katrina,Strain,19475.130859,8RTWE15,3,En vuelo
450,Daryl,Waddilove,24028.320313,AS5D9W8,3,En vuelo
451,Maure,Lamb-shine,14294.480469,1FD80E5,1,Aterrizado
452,Ann,Lube,26470.550781,8RTWE15,1,En vuelo
453,Smitty,Gilbride,17891.970703,H1J5Y1R,2,En vuelo
454,Lilas,Kidston,30900.320313,H1J5Y1R,1,En vuelo
455,Benedick,Cruttenden,41905.609375,HG05H8Q,2,Demorado
456,Jeth,Glentworth,32409.640625,8RTWE15,2,En vuelo
457,Fredrick,Vesque,18270.869141,AS5D9W8,3,En vuelo
458,Sheela,Evason,11922.190430,AS5D9W8,2,En vuelo
459,Miranda,Carnegie,45641.851563,AS5D9W8,1,En vuelo
460,Bird,Polini,31935.410156,H1J5Y1R,1,En vuelo
461,Nina,McGlew,43204.210938,Q8W71D5,3,En horario
462,Allie,Darlington,25846.660156,D05W837,2,Aterrizado
463,Clara,Ponton,30598.810547,1FD80E5,1,Aterrizado
464,Thoma,Geist,24701.570313,8RTWE15,1,En vuelo
465,Roshelle,Chaperlin,16496.880859,H1J5Y1R,3,En vuelo
466,Wayland,Dulling,47648.820313,HG05H8Q,2,Demorado
467,Dorette,Bowery,42959.558594,D05W837,2,Aterrizado
468,Farica,Wilacot,49051.500000,A65JT18,3,En horario
469,Grazia,Eldritt,29475.769531,AS5D9W8,2,En vuelo
470,Nolana,Bolter,36424.218750,AS5D9W8,2,En vuelo
471,Gianni,Langshaw,30139.820313,D05W837,1,Aterrizado
472,Reilly,Vedishchev,25728.169922,8RTWE15,1,En vuelo
473,Merna,Rampton,30476.009766,D05W837,1,Aterrizado
474,Jeniffer,Mateos,14814.980469,Q8W71D5,3,En horario
475,Arnold,Cartner,20136.869141,A65JT18,2,En horario
476,Meridel,Fookes,29374.419922,H1J5Y1R,3,En vuelo
477,Christophe,Wheeler,28425.679688,A65JT18,1,En horario
478,Cristiano,Bartleman,48192.500000,AS5D9W8,1,En vuelo
479,Howard,Eannetta,34312.921875,Q8W71D5,2,En horario
480,Tanney,Pether,10023.299805,D05W837,1,Aterrizado
481,Jada,Pateman,26715.189453,D05W837,3,Aterrizado
482,Zacharias,Kleinberer,16435.500000,Q8W71D5,3,En horario
483,Dick,Couche,21252.220703,D05W837,1,Aterrizado
484,Suzanna,Minihane,39629.378906,H1J5Y1R,3,En vuelo
485,Magda,Windmill,45746.988281,1FD80E5,2,Aterrizado
486,Ginni,Scrivener,28821.839844,D05W837,3,Aterrizado
487,Gerry,Boswood,28669.349609,Q8W71D5,2,En horario
488,Clarabelle,Muriel,13625.809570,AS5D9W8,2,En vuelo
489,Town,Whooley,38765.531250,8RTWE15,2,En vuelo
490,Kass,Partleton,11027.709961,D05W837,2,Aterrizado
491,Moira,Fynes,40979.218750,H1J5Y1R,3,En vuelo
492,Ingrim,Van Niekerk,43396.488281,8RTWE15,2,En vuelo
493,Krissy,Subhan,12532.599609,HG05H8Q,2,Demorado
494,Gran,Varker,17210.720703,D05W837,3,Aterrizado
495,Leontyne,Goretti,30673.759766,1FD80E5,1,Aterrizado
496,Alix,Dat,13274.580078,HG05H8Q,1,Demorado
497,Audrie,Brennon,15651.860352,8RTWE15,3,En vuelo
498,Frazer,Boomes,33289.738281,H1J5Y1R,1,En vuelo
499,Gustavo,Addyman,40909.320313,AS5D9W8,1,En vuelo
500,Reagen,Coye,49732.000000,H1J5Y1R,1,En vuelo
501,Elke,Wille,33364.300781,H1J5Y1R,1,En vuelo
502,Goldie,Stanbro,26171.689453,A65JT18,1,En horario
503,Hastings,Stranahan,24710.849609,1FD80E5,3,Aterrizado
504,Marylinda,Trouncer,28986.019531,8RTWE15,2,En vuelo
505,Genny,Mangion,30412.890625,D05W837,2,Aterrizado
506,Margalo,Frome,14262.190430,1FD80E5,1,Aterrizado
507,Tremain,Kinnin,22073.339844,H1J5Y1R,2,En vuelo
508,Zia,Boorne,44357.390625,Q8W71D5,2,En horario
509,Celka,Arnal,20402.689453,H1J5Y1R,2,En vuelo
510,Shelley,Giacomucci,18525.210938,Q8W71D5,2,En horario
511,Maurizio,Trinkwon,48559.769531,Q8W71D5,2,En horario
512,Aleece,Paulisch,46846.160156,HG05H8Q,3,Demorado
513,Dorena,Fall,14996.339844,D05W837,3,Aterrizado
514,Rolando,Allcorn,39621.128906,Q8W71D5,1,En horario
515,Ulrick,Addekin,11984.120117,Q8W71D5,3,En horario
516,Ewart,Skatcher,21261.140625,A65JT18,2,En horario
517,Alexandra,Mathen,14006.549805,D05W837,1,Aterrizado
518,Clovis,Simonel,48139.421875,AS5D9W8,1,En vuelo
519,Terrence,Aizikovitch,41023.871094,Q8W71D5,3,En horario
520,Reba,Colleton,17840.150391,H1J5Y1R,3,En vuelo
521,Michal,Daniaud,47085.019531,A65JT18,3,En horario
522,Stillman,Bellwood,19334.560547,H1J5Y1R,3,En vuelo
523,Carmelia,Titcomb,48278.550781,AS5D9W8,2,En vuelo
524,Jennilee,Thieme,37147.109375,AS5D9W8,3,En vuelo
525,Base,Puddicombe,46760.988281,HG05H8Q,1,Demorado
526,Alejandro,Stoyell,12942.309570,1FD80E5,2,Aterrizado
527,Joey,Baunton,30182.669922,D05W837,2,Aterrizado
528,Carrol,Nutbeam,45393.710938,8RTWE15,1,En vuelo
529,Carmita,Walesby,29764.289063,1FD80E5,1,Aterrizado
530,Nola,Marginson,17076.310547,HG05H8Q,3,Demorado
531,Neall,Geke,32514.970703,D05W837,3,Aterrizado
532,Cassi,Broxholme,23418.820313,AS5D9W8,3,En vuelo
533,Myrta,Guymer,49138.269531,8RTWE15,2,En vuelo
534,Daveta,Grigolon,33594.078125,Q8W71D5,1,En horario
535,Evelyn,Feasby,18575.369141,H1J5Y1R,2,En vuelo
536,Reggie,Gore,32059.769531,Q8W71D5,3,En horario
537,Saunders,Collinwood,11887.809570,AS5D9W8,3,En vuelo
538,Hartley,Mayger,20320.179688,A65JT18,1,En horario
539,Gabbie,Crowhurst,17475.460938,HG05H8Q,1,Demorado
540,Thorndike,Warrender,40692.718750,AS5D9W8,1,En vuelo
541,Bo,Abela,41500.589844,HG05H8Q,1,Demorado
542,Almeria,Florentine,40389.039063,D05W837,1,Aterrizado
543,Jennee,McGilroy,47017.140625,A65JT18,3,En horario
544,Jo,Schrinel,45211.671875,A65JT18,3,En horario
545,Karilynn,Maxstead,47058.031250,Q8W71D5,3,En horario
546,Tomi,Philbin,20256.400391,1FD80E5,2,Aterrizado
547,Sydney,Trapp,27143.660156,A65JT18,2,En horario
548,Xerxes,Bampforth,24004.269531,H1J5Y1R,2,En vuelo
549,Tomaso,Root,39657.289063,Q8W71D5,3,En horario
550,Constantine,Zuenelli,27048.789063,AS5D9W8,3,En vuelo
551,Bastien,McPhelimey,40947.441406,D05W837,3,Aterrizado
552,Janetta,Reinhardt,15105.450195,Q8W71D5,3,En horario
553,Tamas,Condie,49678.378906,D05W837,3,Aterrizado
554,Andres,Melmore,15360.089844,Q8W71D5,3,En horario
555,Mahmoud,Kilminster,25662.609375,1FD80E5,2,Aterrizado
556,Ted,Gionettitti,37062.121094,AS5D9W8,1,En vuelo
557,Becka,Shanklin,30314.109375,8RTWE15,2,En vuelo
558,Dorothy,Ivanonko,36773.140625,AS5D9W8,2,En vuelo
559,Alleen,Lovatt,46728.390625,AS5D9W8,1,En vuelo
560,Helene,Attle,30389.800781,1FD80E5,1,Aterrizado
561,Dayle,Chalcot,13661.179688,8RTWE15,3,En vuelo
562,Esme,Tchir,47392.578125,HG05H8Q,2,Demorado
563,Garvy,Danielsson,24133.449219,A65JT18,2,En horario
564,Carri,Scawen,39624.820313,A65JT18,1,En horario
565,Cyndy,Niblett,13124.799805,D05W837,3,Aterrizado
566,Frannie,Twamley,13698.040039,8RTWE15,3,En vuelo
567,Alexandro,Diego,18620.490234,A65JT18,1,En horario
568,Ellis,Duffil,23205.199219,D05W837,1,Aterrizado
569,Tabbatha,Hagley,13384.219727,H1J5Y1R,1,En vuelo
570,Bird,Jago,42003.949219,D05W837,1,Aterrizado
571,Amandie,Deverill,22479.630859,AS5D9W8,1,En vuelo
572,Mignon,Hurley,41484.410156,A65JT18,2,En horario
573,Karalynn,Yetton,22424.580078,A65JT18,2,En horario
574,Vicki,Handrick,34830.890625,AS5D9W8,1,En vuelo
575,Loren,Devote,17008.500000,Q8W71D5,2,En horario
576,Auberon,Risso,43386.281250,1FD80E5,2,Aterrizado
577,Liliane,Denkel,37891.460938,AS5D9W8,1,En vuelo
578,Orsa,Capnor,13489.690430,8RTWE15,3,En vuelo
579,Sarena,Strathman,39162.378906,8RTWE15,3,En vuelo
580,Deeyn,Segrave,45559.171875,Q8W71D5,3,En horario
581,Kylie,Hughman,48878.140625,D05W837,3,Aterrizado
582,Lev,McCrisken,33417.160156,D05W837,2,Aterrizado
583,Sherlocke,Scorrer,28009.429688,D05W837,2,Aterrizado
584,Orsola,Vauls,37199.800781,D05W837,3,Aterrizado
585,Erminie,Sergent,16263.879883,8RTWE15,1,En vuelo
586,Clemmie,Skeech,40646.500000,Q8W71D5,2,En horario
587,Mart,Crann,34814.078125,1FD80E5,3,Aterrizado
588,Prue,Damrell,23688.919922,D05W837,2,Aterrizado
589,Tania,Geistmann,23007.740234,A65JT18,2,En horario
590,Eolande,Veracruysse,30552.500000,Q8W71D5,3,En horario
591,Charmain,Patchett,26579.410156,D05W837,3,Aterrizado
592,Allard,Senechell,24445.980469,A65JT18,2,En horario
593,Timmi,Denison,25148.119141,1FD80E5,3,Aterrizado
594,Skell,Brothwood,16164.480469,AS5D9W8,1,En vuelo
595,Vania,Gourley,39363.031250,H1J5Y1R,3,En vuelo
596,Aldis,Slaght,30404.349609,Q8W71D5,2,En horario
597,Charmian,Mingauld,16215.839844,HG05H8Q,2,Demorado
598,Kalvin,Rosten,24624.220703,1FD80E5,2,Aterrizado
599,Marijn,Pearch,10211.490234,D05W837,2,Aterrizado
600,Fredericka,Livermore,45338.351563,H1J5Y1R,3,En vuelo
601,Carmina,Emby,46109.968750,Q8W71D5,3,En horario
602,Ferdinande,Jedrzejkiewicz,23883.199219,AS5D9W8,1,En vuelo
603,Jedediah,Sambeck,25941.800781,D05W837,3,Aterrizado
604,Bartram,Bazek,12026.480469,H1J5Y1R,2,En vuelo
605,Emlen,Allinson,23361.019531,H1J5Y1R,1,En vuelo
606,Craggy,Begg,21800.339844,AS5D9W8,2,En vuelo
607,Jedd,Northing,48593.710938,H1J5Y1R,3,En vuelo
608,Sybil,Badrick,39693.121094,D05W837,3,Aterrizado
609,Wynne,Guitton,24634.240234,AS5D9W8,2,En vuelo
610,Oliver,Packman,38353.628906,H1J5Y1R,2,En vuelo
611,Sanford,Selwyne,12072.870117,AS5D9W8,3,En vuelo
612,Abram,Fowley,13795.040039,D05W837,2,Aterrizado
613,Terrence,Clearie,44199.500000,Q8W71D5,3,En horario
614,Hatty,Brabban,46895.398438,1FD80E5,3,Aterrizado
615,Henrietta,Croston,31595.509766,HG05H8Q,2,Demorado
616,Sloan,Lenihan,35413.738281,D05W837,1,Aterrizado
617,Hadrian,Emmins,25651.699219,HG05H8Q,3,Demorado
618,Moselle,Inold,34283.281250,8RTWE15,3,En vuelo
619,Jonathan,Meeks,30806.349609,D05W837,2,Aterrizado
620,Nicolais,Burrells,46794.140625,HG05H8Q,3,Demorado
621,Mattie,Huddles,23918.250000,Q8W71D5,2,En horario
622,Vicki,Serotsky,49158.019531,D05W837,3,Aterrizado
623,Rhona,Ashwood,26982.359375,8RTWE15,1,En vuelo
624,Dulciana,Fearne,14901.860352,Q8W71D5,2,En horario
625,Chip,Concannon,20384.050781,D05W837,1,Aterrizado
626,Irwin,Utterson,17017.050781,1FD80E5,3,Aterrizado
627,Phineas,Davys,23875.619141,A65JT18,3,En horario
628,Brittany,Edwards,17569.500000,8RTWE15,3,En vuelo
629,Reinwald,Tyrie,44094.511719,Q8W71D5,2,En horario
630,Tally,Quilty,44593.031250,H1J5Y1R,2,En vuelo
631,Jayson,Dake,25019.619141,A65JT18,3,En horario
632,Roxy,Osbaldeston,24096.150391,H1J5Y1R,2,En vuelo
633,Ferris,Decort,11179.339844,1FD80E5,3,Aterrizado
634,Derry,Marielle,48401.839844,8RTWE15,2,En vuelo
635,Min,Stoner,47946.199219,AS5D9W8,1,En vuelo
636,Newton,Leonida,16879.730469,Q8W71D5,2,En horario
637,Darlene,Uccello,46716.210938,8RTWE15,1,En vuelo
638,Flem,Seckom,34239.250000,1FD80E5,2,Aterrizado
639,Karen,Joscelyn,47307.089844,AS5D9W8,2,En vuelo
640,Krista,Hansell,44460.648438,H1J5Y1R,1,En vuelo
641,Leandra,Pidgeon,39281.101563,A65JT18,2,En horario
642,Susie,Inchbald,20310.689453,D05W837,3,Aterrizado
643,Willis,Hourihane,11158.959961,1FD80E5,1,Aterrizado
644,Grady,Bearne,26022.160156,8RTWE15,2,En vuelo
645,Ginnie,Knightsbridge,41359.031250,A65JT18,1,En horario
646,Ruthy,McKeon,19218.660156,D05W837,1,Aterrizado
647,Rolland,Ochiltree,41469.539063,1FD80E5,2,Aterrizado
648,Marlin,Polet,47569.898438,HG05H8Q,3,Demorado
649,Torie,Rowland,12608.629883,H1J5Y1R,2,En vuelo
650,Wileen,Gooding,33565.050781,H1J5Y1R,1,En vuelo
651,Garey,Caven,36024.820313,AS5D9W8,3,En vuelo
652,Scarlet,Pedrocco,16403.240234,H1J5Y1R,1,En vuelo
653,Bobby,Cazereau,22071.449219,HG05H8Q,1,Demorado
654,Christian,Santen,16871.410156,HG05H8Q,1,Demorado
655,Conny,Antonijevic,31763.789063,A65JT18,3,En horario
656,Karna,Trueman,31848.939453,Q8W71D5,3,En horario
657,Gray,Arrell,27353.839844,1FD80E5,3,Aterrizado
658,Sileas,Buttery,35838.781250,AS5D9W8,2,En vuelo
659,Charlean,Waberer,22922.009766,A65JT18,2,En horario
660,Alfonse,Maylor,37911.011719,AS5D9W8,1,En vuelo
661,Dru,Cometto,26970.699219,D05W837,3,Aterrizado
662,Karolina,Crispin,34152.570313,Q8W71D5,3,En horario
663,Orel,Baumaier,10806.610352,8RTWE15,3,En vuelo
664,Marjie,Berndtssen,20700.369141,H1J5Y1R,1,En vuelo
665,Lorrayne,Mizzi,17519.150391,D05W837,1,Aterrizado
666,Janith,Bendel,37250.570313,HG05H8Q,3,Demorado
667,Ebeneser,Littrick,28766.449219,A65JT18,3,En horario
668,Bert,Southerton,26722.169922,8RTWE15,2,En vuelo
669,Leandra,Durbin,18656.550781,AS5D9W8,2,En vuelo
670,Ferne,McCarlie,20490.990234,H1J5Y1R,2,En vuelo
671,Corine,Jaxon,41869.710938,1FD80E5,1,Aterrizado
672,Judie,Jouannisson,28095.369141,A65JT18,1,En horario
673,Emilio,Lenard,11463.750000,H1J5Y1R,2,En vuelo
674,Fanchon,Kelmere,19810.330078,Q8W71D5,2,En horario
675,Tommi,Raylton,35711.609375,D05W837,2,Aterrizado
676,Charyl,Fuzzard,11470.169922,HG05H8Q,3,Demorado
677,Brigham,Bartomieu,43547.078125,1FD80E5,3,Aterrizado
678,Reamonn,Gillford,16795.060547,AS5D9W8,2,En vuelo
679,Marigold,Cobley,43765.808594,1FD80E5,1,Aterrizado
680,Ludovico,Plaid,40514.441406,8RTWE15,1,En vuelo
681,Beverlie,Girsch,14379.799805,AS5D9W8,3,En vuelo
682,Sheena,Quainton,35173.441406,H1J5Y1R,2,En vuelo
683,Lynn,Drabble,21788.650391,H1J5Y1R,2,En vuelo
684,Guendolen,Kelsey,30357.640625,Q8W71D5,1,En horario
685,La verne,Gudgen,18480.349609,Q8W71D5,3,En horario
686,Merci,Minchell,41748.019531,1FD80E5,2,Aterrizado
687,Adey,Payne,15672.110352,Q8W71D5,2,En horario
688,Ase,Von Brook,18538.380859,H1J5Y1R,2,En vuelo
689,Piper,Topp,18750.109375,D05W837,3,Aterrizado
690,Domeniga,McMurray,31454.599609,D05W837,2,Aterrizado
691,Siegfried,Revington,30098.269531,1FD80E5,1,Aterrizado
692,Vania,Jurn,39759.910156,1FD80E5,2,Aterrizado
693,Wolfy,Trolley,27803.480469,D05W837,3,Aterrizado
694,Valenka,Brighty,20164.419922,H1J5Y1R,2,En vuelo
695,Ilyse,Rielly,19447.179688,A65JT18,3,En horario
696,Margarete,Fieller,31785.339844,1FD80E5,1,Aterrizado
697,Evered,Djorevic,20256.279297,8RTWE15,3,En vuelo
698,Patty,Stratz,30907.449219,AS5D9W8,1,En vuelo
699,Rena,Fernely,28270.480469,HG05H8Q,1,Demorado
700,Marlon,Temperton,41866.890625,1FD80E5,1,Aterrizado
701,Chase,Warlock,40916.121094,8RTWE15,3,En vuelo
702,Sybila,Fenty,48053.738281,A65JT18,3,En horario
703,Cello,Noury,10815.620117,D05W837,1,Aterrizado
704,Vernice,Shanley,23237.060547,H1J5Y1R,1,En vuelo
705,Nigel,Kerkham,19933.439453,A65JT18,2,En horario
706,Cynthea,Daldry,25314.230469,1FD80E5,1,Aterrizado
707,Mora,McPhelim,31227.199219,1FD80E5,1,Aterrizado
708,Palm,Bayfield,24589.750000,H1J5Y1R,2,En vuelo
709,Merola,Watkiss,34021.261719,D05W837,1,Aterrizado
710,Delmore,Whorall,46275.761719,1FD80E5,2,Aterrizado
711,Witty,Ewebank,14108.620117,1FD80E5,2,Aterrizado
712,Nickie,Garr,46713.871094,H1J5Y1R,1,En vuelo
713,Farrel,Torry,49964.898438,HG05H8Q,1,Demorado
714,Janie,Norvel,37907.648438,Q8W71D5,1,En horario
715,Irma,Bonhan,33473.949219,8RTWE15,3,En vuelo
716,Norton,Pane,45347.230469,HG05H8Q,2,Demorado
717,Yelena,Stedell,14857.690430,H1J5Y1R,2,En vuelo
718,Hewett,Gail,14765.990234,D05W837,3,Aterrizado
719,Bartlett,Aldham,32347.880859,HG05H8Q,3,Demorado
720,Eveleen,Blaby,35011.511719,HG05H8Q,1,Demorado
721,Godwin,Mara,44331.550781,AS5D9W8,3,En vuelo
722,Isis,Monteath,32889.070313,8RTWE15,1,En vuelo
723,Joelie,Leed,22717.560547,AS5D9W8,1,En vuelo
724,Shanta,Labbey,11730.209961,D05W837,3,Aterrizado
725,Olivia,Kless,26865.580078,A65JT18,3,En horario
726,Bernie,Jakaway,26169.230469,AS5D9W8,2,En vuelo
727,Max,Tutill,36870.761719,HG05H8Q,3,Demorado
728,Luciana,Tordoff,26725.980469,H1J5Y1R,1,En vuelo
729,Vinny,Hamley,44064.410156,8RTWE15,2,En vuelo
730,Aeriell,Molan,37854.738281,8RTWE15,2,En vuelo
731,Lynna,MacGinlay,15153.769531,8RTWE15,1,En vuelo
732,Misty,Petrello,49379.968750,AS5D9W8,3,En vuelo
733,Elia,Lubeck,20594.330078,A65JT18,1,En horario
734,Edlin,Nester,37768.308594,A65JT18,2,En horario
735,Myra,Tedorenko,29283.330078,HG05H8Q,3,Demorado
736,Astrix,Oxby,12891.830078,D05W837,3,Aterrizado
737,Nikolia,Bramhill,34935.609375,A65JT18,1,En horario
738,Tanner,Arrow,37108.570313,8RTWE15,2,En vuelo
739,Taffy,Singyard,29028.830078,D05W837,1,Aterrizado
740,Grazia,Odcroft,48447.339844,8RTWE15,2,En vuelo
741,Cyril,Luck,17715.580078,H1J5Y1R,1,En vuelo
742,Reggy,Duddy,19875.080078,D05W837,1,Aterrizado
743,Harriot,Whitmarsh,29021.130859,8RTWE15,2,En vuelo
744,Killy,Edes,28465.789063,H1J5Y1R,1,En vuelo
745,Mitch,Tuffs,35554.390625,Q8W71D5,1,En horario
746,Bird,Willshire,20682.519531,H1J5Y1R,2,En vuelo
747,Malia,Lefridge,21867.250000,D05W837,3,Aterrizado
748,Cherie,Rounce,42297.570313,D05W837,3,Aterrizado
749,Dode,Joly,32709.669922,D05W837,3,Aterrizado
750,Terri-jo,Spiers,32663.279297,H1J5Y1R,3,En vuelo
751,Fonz,Henriquet,15192.059570,Q8W71D5,1,En horario
752,Viole,Domini,34944.351563,Q8W71D5,2,En horario
753,Leola,Prettyman,14721.250000,AS5D9W8,1,En vuelo
754,Toma,Tesseyman,36889.429688,8RTWE15,2,En vuelo
755,Jocko,Stollmeier,24641.390625,Q8W71D5,2,En horario
756,Bryna,Gewer,44760.789063,Q8W71D5,3,En horario
757,Frederic,Riggoll,49599.039063,D05W837,3,Aterrizado
758,Arlena,Hyman,49164.000000,8RTWE15,3,En vuelo
759,Stanley,Mattiazzo,48416.269531,1FD80E5,1,Aterrizado
760,Corey,Hambrook,43433.410156,8RTWE15,3,En vuelo
761,Arnie,Presshaugh,21724.310547,A65JT18,3,En horario
762,Carlye,Bunney,21555.150391,8RTWE15,1,En vuelo
763,Nanice,Pauli,14423.440430,8RTWE15,1,En vuelo
764,Natassia,Moxted,48987.421875,Q8W71D5,2,En horario
765,Elyse,Audsley,27296.230469,A65JT18,2,En horario
766,Kassi,Skene,30801.300781,A65JT18,2,En horario
767,Marillin,Passo,20111.349609,1FD80E5,2,Aterrizado
768,Blakeley,McIndoe,35716.218750,A65JT18,2,En horario
769,Sabine,Dumbrall,47818.808594,1FD80E5,3,Aterrizado
770,Lauryn,Lightewood,46485.710938,AS5D9W8,1,En vuelo
771,Marcelia,Spurge,44468.769531,HG05H8Q,3,Demorado
772,Sylas,MacDirmid,44047.691406,8RTWE15,3,En vuelo
773,Revkah,Pablos,10841.040039,H1J5Y1R,3,En vuelo
774,York,Pummery,37473.949219,Q8W71D5,3,En horario
775,Goddard,Calderhead,45089.550781,D05W837,1,Aterrizado
776,Loraine,Glassopp,30613.140625,A65JT18,1,En horario
777,Regen,Fitt,35031.820313,D05W837,3,Aterrizado
778,Katuscha,Reis,18568.560547,AS5D9W8,2,En vuelo
779,Duncan,Peasee,29534.199219,1FD80E5,1,Aterrizado
780,Alaine,Lichfield,13039.900391,HG05H8Q,2,Demorado
781,Ruddie,Grunnell,39581.238281,H1J5Y1R,1,En vuelo
782,Vittorio,Geal,14397.280273,A65JT18,1,En horario
783,Misti,Andrat,21246.359375,H1J5Y1R,2,En vuelo
784,Bessie,Beldom,18648.949219,1FD80E5,3,Aterrizado
785,Gregorio,Goldston,45713.410156,H1J5Y1R,1,En vuelo
786,Shaun,Asals,38135.921875,HG05H8Q,1,Demorado
787,Tildy,Melendez,39705.820313,Q8W71D5,1,En horario
788,Debbie,Ingolotti,48460.320313,1FD80E5,3,Aterrizado
789,Michale,Freathy,14631.940430,HG05H8Q,1,Demorado
790,Maurice,Baroch,39914.250000,H1J5Y1R,3,En vuelo
791,Gerek,Ortet,24448.050781,Q8W71D5,2,En horario
792,Ward,Barts,35466.449219,8RTWE15,1,En vuelo
793,Donica,Abley,27810.419922,A65JT18,3,En horario
794,Carma,Bamling,38087.789063,HG05H8Q,3,Demorado
795,Callie,Redborn,24554.779297,AS5D9W8,3,En vuelo
796,Kitty,Berthelet,14819.429688,D05W837,2,Aterrizado
797,Lorie,Kenwrick,28728.660156,8RTWE15,1,En vuelo
798,Margalit,Potzold,44191.011719,8RTWE15,1,En vuelo
799,Joela,Gwyneth,45425.250000,AS5D9W8,3,En vuelo
800,Willie,Losty,21453.000000,1FD80E5,2,Aterrizado
801,Allegra,Sherar,34026.800781,AS5D9W8,2,En vuelo
802,Dwayne,Bryns,48355.851563,A65JT18,3,En horario
803,Ethelyn,Emerine,26530.890625,AS5D9W8,2,En vuelo
804,Bee,MacAllan,17525.320313,8RTWE15,3,En vuelo
805,Amargo,Spitaro,16046.929688,HG05H8Q,2,Demorado
806,Rosalind,Millery,22496.890625,D05W837,2,Aterrizado
807,Raimund,Kwiek,28492.259766,8RTWE15,2,En vuelo
808,Alia,Simonetto,32448.720703,A65JT18,2,En horario
809,Wilmette,Climpson,40309.089844,8RTWE15,1,En vuelo
810,Audre,Kibel,37162.160156,HG05H8Q,1,Demorado
811,Kasey,Ilieve,33614.070313,HG05H8Q,3,Demorado
812,Lyndsie,McGinley,26544.189453,H1J5Y1R,2,En vuelo
813,Nanci,Mebes,37257.078125,Q8W71D5,3,En horario
814,Daffi,Tuite,13354.200195,8RTWE15,3,En vuelo
815,Joline,Lamborne,44330.839844,AS5D9W8,2,En vuelo
816,Kurtis,Sanderson,40700.031250,Q8W71D5,3,En horario
817,Dalton,Haylands,17881.279297,HG05H8Q,2,Demorado
818,Ronald,Furst,49944.019531,Q8W71D5,3,En horario
819,Dulcia,Ingliss,48698.601563,Q8W71D5,2,En horario
820,Tasha,Osmint,36491.441406,D05W837,2,Aterrizado
821,Joyous,Gannan,35101.710938,Q8W71D5,2,En horario
822,Rana,Kidwell,43146.820313,HG05H8Q,1,Demorado
823,Joey,Bedwell,37061.390625,A65JT18,2,En horario
824,Teena,Tubritt,49752.628906,H1J5Y1R,2,En vuelo
825,Retha,Gallahar,14432.790039,H1J5Y1R,3,En vuelo
826,Eartha,Youngman,33045.398438,D05W837,2,Aterrizado
827,Mathilde,Bowland,40714.261719,8RTWE15,2,En vuelo
828,Cacilie,Grute,28878.740234,1FD80E5,2,Aterrizado
829,Sophi,Wholesworth,37024.578125,8RTWE15,3,En vuelo
830,Dionisio,Widdowfield,26590.039063,AS5D9W8,3,En vuelo
831,Myrtia,Castleton,46781.589844,HG05H8Q,3,Demorado
832,Shayne,Goldwater,42882.488281,8RTWE15,2,En vuelo
833,Mic,Abade,23268.640625,D05W837,3,Aterrizado
834,Erie,Bilsland,41046.699219,Q8W71D5,2,En horario
835,Burlie,Grassick,31207.689453,Q8W71D5,3,En horario
836,Ripley,Poter,11173.030273,1FD80E5,1,Aterrizado
837,Virgilio,Haspineall,47726.308594,HG05H8Q,2,Demorado
838,Shae,Swinley,33755.710938,Q8W71D5,2,En horario
839,Agathe,Bramham,37709.960938,D05W837,2,Aterrizado
840,Lauren,Leve,46227.859375,H1J5Y1R,1,En vuelo
841,Rowland,Millan,11338.410156,Q8W71D5,1,En horario
842,Tabb,Volleth,17081.089844,HG05H8Q,3,Demorado
843,Sidoney,Standley,20476.980469,D05W837,2,Aterrizado
844,Tedd,Le Franc,17663.199219,A65JT18,1,En horario
845,Paulina,Maleby,46830.371094,1FD80E5,1,Aterrizado
846,Del,Dunphie,32975.949219,H1J5Y1R,1,En vuelo
847,Warden,Tilley,20612.089844,D05W837,3,Aterrizado
848,Babara,Defau,28392.970703,8RTWE15,1,En vuelo
849,Trixie,Bhar,13498.349609,HG05H8Q,1,Demorado
850,Edi,Langwade,15392.570313,A65JT18,2,En horario
851,Brianna,Misk,11922.809570,H1J5Y1R,1,En vuelo
852,Dorine,Jennemann,20886.650391,HG05H8Q,2,Demorado
853,Gustie,Nozzolii,48040.531250,1FD80E5,2,Aterrizado
854,Abbie,Iacovazzi,30455.609375,H1J5Y1R,1,En vuelo
855,Ketti,Americi,29876.339844,Q8W71D5,3,En horario
856,Ninon,Molesworth,19179.480469,1FD80E5,3,Aterrizado
857,Sibel,Ouslem,29786.109375,A65JT18,1,En horario
858,Standford,Bowness,18425.570313,HG05H8Q,3,Demorado
859,Forrester,Heasly,10571.589844,Q8W71D5,1,En horario
860,Marlo,Semon,26590.250000,Q8W71D5,2,En horario
861,Astra,Gisby,18299.880859,8RTWE15,1,En vuelo
862,Alvera,Bellwood,46029.339844,H1J5Y1R,3,En vuelo
863,Avivah,Kulver,30745.759766,HG05H8Q,2,Demorado
864,Windham,Poulglais,47070.718750,1FD80E5,1,Aterrizado
865,Audi,Hartington,43270.250000,D05W837,3,Aterrizado
866,Darci,Wyard,25566.720703,HG05H8Q,2,Demorado
867,Evaleen,Darrach,44032.679688,Q8W71D5,3,En horario
868,Kathie,Aslett,32017.039063,D05W837,3,Aterrizado
869,Nickolaus,Belchem,30580.789063,D05W837,1,Aterrizado
870,Ynez,Boodell,25057.449219,Q8W71D5,3,En horario
871,Maude,Laird-Craig,14139.379883,A65JT18,2,En horario
872,Silvanus,Aicken,44923.859375,AS5D9W8,3,En vuelo
873,Cyndi,Goor,20305.630859,1FD80E5,3,Aterrizado
874,Ethelbert,Chataignier,11564.509766,8RTWE15,2,En vuelo
875,Broderick,Halshaw,48102.781250,8RTWE15,2,En vuelo
876,Neddy,Doohan,31857.529297,H1J5Y1R,3,En vuelo
877,Ludovika,Roston,36019.898438,8RTWE15,1,En vuelo
878,Aleda,Hambers,42298.160156,D05W837,1,Aterrizado
879,Patsy,Peplow,12709.099609,A65JT18,3,En horario
880,Jephthah,Peniman,17738.339844,D05W837,3,Aterrizado
881,Stanton,Kinchin,10596.250000,D05W837,1,Aterrizado
882,Gerianne,Wadeson,34783.140625,A65JT18,3,En horario
883,Wye,Figgures,19196.830078,Q8W71D5,3,En horario
884,Bernadine,Stallworthy,35942.648438,1FD80E5,3,Aterrizado
885,Amory,Hatfull,28911.710938,Q8W71D5,2,En horario
886,Valentin,Eddoes,25445.630859,A65JT18,2,En horario
887,Rana,Esby,36753.101563,HG05H8Q,1,Demorado
888,Payton,Timcke,23830.970703,8RTWE15,1,En vuelo
889,Agnes,Huddart,29570.119141,1FD80E5,2,Aterrizado
890,Gerda,Torresi,22380.039063,AS5D9W8,3,En vuelo
891,Miner,Cheltnam,32819.640625,AS5D9W8,1,En vuelo
892,Massimiliano,Banham,28707.619141,Q8W71D5,1,En horario
893,Rorie,Bertot,38618.941406,HG05H8Q,1,Demorado
894,Alexandros,Risman,29860.240234,AS5D9W8,1,En vuelo
895,Simonette,Pettinger,25039.199219,A65JT18,2,En horario
896,Harriette,Cothey,19853.400391,H1J5Y1R,1,En vuelo
897,Haven,Ceaser,10002.160156,AS5D9W8,1,En vuelo
898,Katerina,Dwelley,12252.500000,H1J5Y1R,1,En vuelo
899,Robbert,Hissett,26867.789063,H1J5Y1R,1,En vuelo
900,Tabatha,Martlew,32444.109375,1FD80E5,2,Aterrizado
901,Nicolle,Van Ross,17754.720703,HG05H8Q,1,Demorado
902,Jacki,Gronaver,14342.660156,8RTWE15,2,En vuelo
903,Sybyl,Winslet,43190.601563,1FD80E5,2,Aterrizado
904,Shannen,Spracklin,16864.449219,A65JT18,2,En horario
905,Bettina,Scade,29068.300781,AS5D9W8,3,En vuelo
906,Joaquin,Eberle,39539.351563,8RTWE15,2,En vuelo
907,Adams,Corrie,28186.000000,1FD80E5,2,Aterrizado
908,Ed,Blaske,22998.029297,AS5D9W8,2,En vuelo
909,Arnaldo,Lubeck,37598.621094,8RTWE15,3,En vuelo
910,Kendricks,Chiddy,16032.719727,HG05H8Q,2,Demorado
911,Jereme,Mapowder,18654.919922,HG05H8Q,1,Demorado
912,Jacquelynn,Toseland,40413.488281,8RTWE15,1,En vuelo
913,Dex,Line,24492.359375,1FD80E5,3,Aterrizado
914,Haslett,O'Hoey,25951.259766,8RTWE15,1,En vuelo
915,Patricia,Burtonshaw,30724.429688,1FD80E5,1,Aterrizado
916,Christian,Langfat,43503.128906,AS5D9W8,3,En vuelo
917,Mattheus,Harvard,38012.289063,H1J5Y1R,2,En vuelo
918,Abagael,Philipps,25715.089844,HG05H8Q,3,Demorado
919,Kore,Tremberth,43461.171875,HG05H8Q,2,Demorado
920,Alexa,Hallitt,44253.851563,1FD80E5,2,Aterrizado
921,Rosina,Clark,21346.949219,HG05H8Q,2,Demorado
922,Crista,Halpeine,36394.378906,8RTWE15,3,En vuelo
923,Sosanna,Hallad,21256.099609,AS5D9W8,2,En vuelo
924,Calley,McCaw,20237.750000,8RTWE15,1,En vuelo
925,Marty,Ort,34141.550781,Q8W71D5,1,En horario
926,Ibbie,Tolchar,35790.738281,H1J5Y1R,1,En vuelo
927,Tamar,Dregan,28001.310547,1FD80E5,2,Aterrizado
928,Rey,Streather,25718.300781,1FD80E5,2,Aterrizado
929,Chandler,Van der Mark,49345.570313,A65JT18,3,En horario
930,Gilemette,Groucutt,44477.968750,Q8W71D5,3,En horario
931,Kylie,Ceschi,17937.429688,8RTWE15,1,En vuelo
932,Emilia,Noads,37072.769531,8RTWE15,2,En vuelo
933,Giacopo,Iacapucci,39381.109375,A65JT18,3,En horario
934,Anthia,Lottrington,12851.219727,1FD80E5,1,Aterrizado
935,Deeanne,Morstatt,15116.160156,AS5D9W8,3,En vuelo
936,Thorvald,Daw,30169.119141,AS5D9W8,3,En vuelo
937,Alanah,Dennert,22683.910156,D05W837,2,Aterrizado
938,Ilka,Sisselot,28351.320313,1FD80E5,2,Aterrizado
939,Godfry,Obeney,34076.480469,H1J5Y1R,3,En vuelo
940,Lancelot,Manueau,47125.910156,1FD80E5,3,Aterrizado
941,Albert,Marchenko,25492.609375,D05W837,2,Aterrizado
942,Bent,Joy,20520.699219,D05W837,1,Aterrizado
943,Celisse,Colquite,16104.700195,H1J5Y1R,1,En vuelo
944,Violetta,Mustin,15439.639648,HG05H8Q,2,Demorado
945,Harald,Scrivin,26273.150391,D05W837,3,Aterrizado
946,Catherina,Gunney,24535.240234,Q8W71D5,2,En horario
947,Konrad,Audiss,34551.609375,A65JT18,2,En horario
948,Scot,Hooks,17934.990234,AS5D9W8,3,En vuelo
949,Egor,Fandrich,29655.519531,Q8W71D5,2,En horario
950,Krystyna,Perfitt,37803.761719,1FD80E5,2,Aterrizado
951,Nat,Schultheiss,10525.980469,AS5D9W8,2,En vuelo
952,Bendix,Linzey,33236.000000,Q8W71D5,3,En horario
953,Lenard,Duester,22059.390625,A65JT18,3,En horario
954,Katherine,Blannin,44290.460938,AS5D9W8,2,En vuelo
955,Adam,Sammonds,41727.359375,8RTWE15,1,En vuelo
956,Deny,Cushe,25622.810547,AS5D9W8,2,En vuelo
957,Somerset,Dary,35405.609375,HG05H8Q,3,Demorado
958,Olivie,Ormerod,19228.410156,H1J5Y1R,1,En vuelo
959,Coop,Airdrie,48769.140625,Q8W71D5,3,En horario
960,Cosette,Ciccotto,38062.968750,HG05H8Q,3,Demorado
961,Bradney,Copeland,42688.609375,A65JT18,2,En horario
962,Perri,Jarry,16705.679688,A65JT18,1,En horario
963,Billye,Cabera,13870.190430,1FD80E5,3,Aterrizado
964,Viva,Louys,22400.310547,H1J5Y1R,2,En vuelo
965,Ora,Lambell,45763.171875,HG05H8Q,2,Demorado
966,Cassandra,Ghioni,36235.078125,H1J5Y1R,1,En vuelo
967,Merla,Harbage,12723.370117,A65JT18,2,En horario
968,Lucien,Crownshaw,41918.000000,A65JT18,2,En horario
969,Gregory,Higford,43869.710938,D05W837,1,Aterrizado
970,Leontine,Caine,33819.109375,AS5D9W8,3,En vuelo
971,Baxter,Rehor,45326.421875,D05W837,2,Aterrizado
972,Jesse,Boath,43357.250000,8RTWE15,1,En vuelo
973,Aimil,Sapauton,16253.299805,A65JT18,3,En horario
974,Prue,Jeans,17978.669922,A65JT18,1,En horario
975,Ted,Gland,40632.000000,Q8W71D5,2,En horario
976,Lanita,Yurkov,36399.031250,HG05H8Q,1,Demorado
977,Cello,Bartlomiej,33380.218750,Q8W71D5,2,En horario
978,Ealasaid,Tredgold,37806.359375,AS5D9W8,2,En vuelo
979,Gerladina,Elwyn,44542.250000,8RTWE15,1,En vuelo
980,Niki,Duckhouse,12953.419922,AS5D9W8,3,En vuelo
981,Babs,Izen,18413.619141,H1J5Y1R,2,En vuelo
982,Linnie,McGahern,32999.300781,Q8W71D5,2,En horario
983,Grannie,Kenwin,20714.519531,A65JT18,2,En horario
984,Ronny,Broadfoot,16080.089844,H1J5Y1R,3,En vuelo
985,Lesly,Flecknell,22602.279297,AS5D9W8,2,En vuelo
986,Antonie,Keepe,46309.000000,8RTWE15,3,En vuelo
987,Maible,Caustic,19320.500000,A65JT18,3,En horario
988,Pancho,Busst,49021.949219,D05W837,3,Aterrizado
989,Ardyce,Leedal,41232.988281,D05W837,2,Aterrizado
990,Angel,Gurney,36883.808594,D05W837,2,Aterrizado
991,Mercedes,Fosh,18962.189453,HG05H8Q,3,Demorado
992,Ezekiel,Woodus,21834.039063,Q8W71D5,3,En horario
993,Justina,McDermott,30381.939453,8RTWE15,1,En vuelo
994,Carine,Grzegorecki,18499.500000,HG05H8Q,2,Demorado
995,Ianthe,Catlette,22415.580078,HG05H8Q,3,Demorado
996,Rana,Jayne,40679.679688,8RTWE15,3,En vuelo
997,Harrison,Affron,22397.320313,Q8W71D5,2,En horario
998,Page,Frosch,17955.539063,8RTWE15,3,En vuelo
999,Tabatha,Ginie,30614.810547,AS5D9W8,1,En vuelo
1000,Nadeen,Calderon,29627.949219,Q8W71D5,1,En horario
